name,gender
Dream Supplier,Not found
Taylor Swift,female
Chris Stapleton,male
Juice WRLD,male
Playboi Carti,male
The Weeknd,male
Adrianne Lenker,female
21 Savage,male
King Von,male
Steve Lacy,male
Conan Gray,male
Bad Bunny,male
Polo G,male
Drake,male
Brent Faiyaz,male
Tame Impala,Unknown
King Von,male
Lil Uzi Vert,non-binary
Lil Baby,male
Don Toliver,male
Miracle Tones,Not found
Glass Animals,Unknown
Mac Miller,male
$uicideboy$,Unknown
Taylor Swift,female
Pop Smoke,male
Miracle Tones,Not found
Gracie Abrams,female
Dua Lipa,female
Ariana Grande,female
chill phil,Not found
GIVĒON,male
Phoebe Bridgers,female
Zach Bryan,male
The Strokes,Unknown
Bryson Tiller,male
Noah Kahan,male
Hotel Ugly,Unknown
Kali Uchis,female
Taylor Swift,female
Key Glock,male
Bad Bunny,male
Gunna,Unknown
YoungBoy Never Broke Again,male
Joji,male
Zach Bryan,male
Eminem,male
Lil Baby,male
Future,Unknown
Halsey,Unknown
Rauw Alejandro,male
Timo Krantz,Not found
Ava Max,female
Eslabon Armado,Unknown
Charli xcx,female
mgk,male
Diplo,male
Lullaby Time,Not found
Lil Uzi Vert,non-binary
Young Dolph,male
Luke Combs,male
HARDY,Unknown
"Tyler, The Creator",male
Lee Brice,male
Miley Cyrus,genderfluid
5 Seconds of Summer,Unknown
NLE Choppa,male
Gabby Barrett,female
Rod Wave,male
Wiz Khalifa,male
Lil Yachty,male
Dominic Fike,male
Brandon Lake,male
J Balvin,male
Lil Tecca,male
Ken Carson,male
Megan Thee Stallion,female
Selena Gomez,female
The Neighbourhood,Unknown
Lil Yachty,male
TV Girl,Unknown
Jelly Roll,Unknown
Ozzy Osbourne,male
Rod Wave,male
Sam Hunt,male
Eyedress,male
Junior H,Unknown
Mt. Joy,Unknown
Dua Lipa,female
Noah Cyrus,female
Koe Wetzel,male
Tems,female
Jack Harlow,male
Lil Durk,male
Pop Smoke,male
Loathe,Unknown
Shoreline Mafia,Unknown
Gunna,Unknown
Eslabon Armado,Unknown
Justin Bieber,male
Penelope Scott,female
Lady Gaga,female
Jhené Aiko,female
Thundercat,male
Tate McRae,female
Sir Chloe,Unknown
Elevation Worship,Unknown
BTS,Unknown
Sam Smith,non-binary
Bring Me The Horizon,Unknown
Trippie Redd,male
Luke Bryan,male
Taylor Swift,female
Khruangbin,Unknown
Junior H,Unknown
Various Artists,Unknown
Kehlani,non-binary
We The Kingdom,Unknown
Colter Wall,male
Kygo,male
Pop Smoke,male
blackbear,male
Tory Lanez,male
Jelly Roll,Unknown
Freddie Gibbs,male
BLACKPINK,Unknown
Eslabon Armado,Unknown
Thee Sacred Souls,Unknown
Sleepy Hallow,male
Powfu,male
Maluma,Unknown
PARTYNEXTDOOR,Unknown
Clams Casino,male
BTS,Unknown
wave to earth,Unknown
La Adictiva,Unknown
StaySolidRocky,male
Future,Unknown
Myke Towers,male
Jack Harlow,male
Will Wood,male
Ellie Goulding,female
Cleo Sol,female
Brent Cobb,male
SZA,female
Matt Maltese,male
Shelly,Unknown
Muscadine Bloodline,Not found
Five Finger Death Punch,Unknown
Lauv,Unknown
A Boogie Wit da Hoodie,male
Coyote Theory,Not found
Jdot Breezy,male
DaBaby,male
Niall Horan,male
Internet Money,Unknown
Kid Cudi,male
Dustin Lynch,male
Doechii,female
A Boogie Wit da Hoodie,male
LUCKI,male
The Weeknd,male
VOILÀ,Unknown
Cardi B,female
Lizzy McAlpine,female
G Herbo,male
Moneybagg Yo,male
Junior H,Unknown
Beach Bunny,Unknown
Joyner Lucas,male
Anuel AA,male
Bee Gees,Unknown
SAINt JHN,male
Maddie & Tae,Unknown
Miracle Tones,Not found
YoungBoy Never Broke Again,male
Kelsea Ballerini,female
DJ Scheme,male
$NOT,male
Jay Wheeler,male
Ozuna,male
Drake,male
THE ANXIETY,Unknown
Cody Carnes,male
Moneybagg Yo,male
Eminem,male
Orion Sun,female
Will Paquin,Not found
Lil Durk,male
Doja Cat,female
Moneybagg Yo,male
Super Simple Songs,Unknown
Lil Darkie,male
YNW Melly,male
Taylor Swift,female
Deftones,Unknown
Internet Money,Unknown
Sleepyheadz,Not found
Adelmar Borrego,Not found
Wild Rivers,Unknown
Lil Baby,male
JAWNY,male
Carly Pearce,female
Stray Kids,Unknown
Sleep Token,Unknown
Omori,Unknown
Mi Banda El Mexicano,Unknown
Sturgill Simpson,male
Lil Wayne,male
Halsey,Unknown
Bad Omens,Unknown
Agust D,male
Wizkid,male
Omar Apollo,male
Panchiko,Unknown
Hotboii,male
Flo Milli,female
Lil Mosey,male
Khruangbin,Unknown
Currents,Unknown
Hermanos Gutiérrez,Unknown
Sleep Miracle,Not found
Chris Brown,male
Julie and the Phantoms Cast,Not found
Sean Kingston,male
Sleepyheadz,Not found
Sheff G,male
Trevor Daniel,male
Camilo,Unknown
Stray Kids,Unknown
Mild Minds,Not found
Money Man,Unknown
Megan Thee Stallion,female
49 Winchester,Unknown
Kenny Chesney,male
Oliver Tree,male
ZOMBIES – Cast,Not found
El Alfa,male
Riovaz,male
Ramirez,Unknown
Bad Bunny,male
Bethel Music,Unknown
Maverick City Music,Unknown
Leeland,Unknown
Masego,male
Doja Cat,female
El Alfa,male
Alec Benjamin,male
All Time Low,Unknown
iann dior,male
White Noise Radiance,Not found
Morgan Wallen,male
Olivia Rodrigo,female
Drake,male
Treaty Oak Revival,Unknown
Billie Eilish,female
Taylor Swift,female
Doja Cat,female
Baby Keem,male
Tory Lanez,male
Taylor Swift,female
Rauw Alejandro,male
"Tyler, The Creator",male
PinkPantheress,female
The Marías,Unknown
The Kid LAROI,male
Spiritual Frequencies,Not found
Sleep Token,Unknown
Lin-Manuel Miranda,male
Justin Bieber,male
X.L.T,Unknown
Jhené Aiko,female
Pure Relaxing Vibes,Not found
Spiritual Frequencies,Not found
Taylor Swift,female
$uicideboy$,Unknown
AJR,Unknown
Tate McRae,female
Ed Sheeran,male
J. Cole,male
Rod Wave,male
Sleepy Hallow,male
Lil Tecca,male
Faye Webster,female
Polo G,male
Jordan Davis,Unknown
Kanye West,male
Adele,Unknown
Pure Relaxing Vibes,Not found
Cody Johnson,male
ame,Unknown
Bruno Mars,male
Eyedress,male
Yeat,male
Jordana,Unknown
White Noise Radiance,Not found
Cafuné,Unknown
Morgan Wallen,male
Surf Curse,Unknown
Moneybagg Yo,male
Young Stoner Life,Unknown
Miracle Tones,Not found
Lainey Wilson,female
Gracie Abrams,female
Lil Tjay,male
Summer Walker,female
Maroon 5,Unknown
Don Toliver,male
Lana Del Rey,female
YoungBoy Never Broke Again,male
Trippie Redd,male
The Noisy Outdoors,Not found
Tory Lanez,male
KAROL G,female
Bluey,Unknown
Bo Burnham,male
Various Artists,Unknown
42 Dugg,male
Noah Kahan,male
Drake,male
Lil Baby,male
Disney,Unknown
Jelly Roll,Unknown
Lil Nas X,male
Ivan Cornejo,male
Isaiah Rashad,male
Spiritbox,Unknown
Mariah the Scientist,female
Ashe,Unknown
GIVĒON,male
Nature Of Sweden,Unknown
Charity Gayle,Not found
Lana Del Rey,female
Laufey,Unknown
Ashnikko,genderfluid
Pooh Shiesty,male
The Rare Occasions,Unknown
Migos,Unknown
Megan Moroney,female
BigXthaPlug,male
Clairo,female
NF,Unknown
bbno$,male
Megan Thee Stallion,female
Nardo Wick,male
Ocean Waves Radiance,Not found
Mac Miller,male
John Mayer,male
Maverick City Music,Unknown
Elevation Worship,Unknown
Parker McCollum,male
Ken Carson,male
DJ Khaled,male
Gracie Abrams,female
Big Boogie,male
LUCKI,male
Rod Wave,male
Natanael Cano,male
Pure Sleeping Vibes,Not found
Cochren & Co.,Unknown
Måneskin,Unknown
Rain Radiance,Not found
Del Water Gap,male
Twenty One Pilots,Unknown
Young Dolph,male
Bruno Mars,male
Ariana Grande,female
Eslabon Armado,Unknown
Laufey,Unknown
Dijon,Unknown
Young Dolph,male
Fuerza Regida,Unknown
Pure Sleeping Vibes,Not found
Japanese Breakfast,female
Stray Kids,Unknown
Snoh Aalegra,female
Phil Wickham,male
LeeHi,female
Polo G,male
KXLLSWXTCH,male
ZillaKami,male
Jason Aldean,male
Only The Family,Unknown
Matt Maltese,male
Lord Huron,Unknown
Comet 1993,Not found
Key Glock,male
Taylor Swift,female
24kGoldn,male
CAIN,Unknown
The Weeknd,male
Junior H,Unknown
Caskets,Unknown
Sleepyheadz,Not found
Yeat,male
Pure Relaxing Vibes,Not found
girl in red,female
Marshmello,male
Bethel Music,Unknown
Ice Nine Kills,Unknown
Men I Trust,Unknown
CeCe Winans,female
BJ Lips,Not found
Brent Faiyaz,male
Young Thug,male
Pale Jay,Not found
Somnolence,Unknown
Tai Verdes,male
Emile Mosseri,male
NatuREM,Unknown
Parmalee,Unknown
Greta Van Fleet,Unknown
HAIM,Unknown
Kay Flock,male
AtomFlow,Not found
J Balvin,male
Universal Waves,Not found
EKKSTACY,male
Colby Acuff,male
Baby Keem,male
OneRepublic,Unknown
Big Scarr,male
RÜFÜS DU SOL,Unknown
Alvaro Diaz,Unknown
Eladio Carrion,male
YBN Nahmir,male
ENHYPEN,Unknown
Camilo,Unknown
BoyWithUke,male
Thomas Rhett,male
99zed,Not found
Memo Boy,Not found
Neoni,Unknown
Elton John,male
Hotel Ugly,Unknown
Lloyd Vaan,Not found
Olivia Rodrigo,female
mike.,male
Drip-Drop,Unknown
Money Man,Unknown
Toby Fox,male
Still Woozy,male
PinkPantheress,female
Mike Sherm,male
Mareux,male
Jervis Campbell,Not found
Russ,Unknown
Kanye West,male
Larry Fleet,male
Black Gryph0n,male
Black Gryph0n,male
Dua Lipa,female
MO3,Unknown
LPB Poody,male
Brooke Maxwell,Not found
Pi’erre Bourne,male
The Kid LAROI,male
Videoclub,Unknown
White Noise Radiance,Not found
Cochise,Unknown
H.E.R.,female
Atlus,Unknown
Elton John,male
Celeste,Unknown
Sierra Ferrell,female
Adele,Unknown
All Night Chill Makers,Not found
Carly Pearce,female
That Mexican OT,male
Taylor Swift,female
LEISURE,Unknown
KAYTRANADA,male
Maroon 5,Unknown
beabadoobee,female
Fred again..,male
Ethel Cain,trans woman
Madison Beer,female
Relaxed Minds,Not found
Arcane,Unknown
Peso Pluma,male
Miracle Tones,Not found
BIG30,male
Ryan Mack,male
Niko Moon,male
Farruko,male
Remble,Unknown
Tems,female
Mora,Unknown
Pop Smoke,male
Gigi Perez,female
Dream Supplier,Not found
Natural Sample Makers,Not found
Manny Laurenko,Not found
Nicki Minaj,female
Yung Bleu,male
Patrick Stump,male
Marc Seguí,male
Wacotron,Not found
Cleo Sol,female
Turnstile,Unknown
SZA,female
Bad Bunny,male
Noah Kahan,male
Zach Bryan,male
Metro Boomin,male
Kendrick Lamar,male
Harry Styles,male
Sabrina Carpenter,female
Taylor Swift,female
Drake,male
Brent Faiyaz,male
SZA,female
The Red Clay Strays,Unknown
Zach Bryan,male
Future,Unknown
Steve Lacy,male
Juice WRLD,male
beabadoobee,female
$uicideboy$,Unknown
Luke Combs,male
Zach Bryan,male
Bad Omens,Unknown
Lainey Wilson,female
Laufey,Unknown
Conan Gray,male
Djo,Unknown
Gunna,Unknown
The Weeknd,male
Lizzy McAlpine,female
Tate McRae,female
Drake,male
Ivan Cornejo,male
Beyoncé,female
JID,Unknown
Thee Sacred Souls,Unknown
d4vd,male
Imagine Dragons,Unknown
Joji,male
Ethel Cain,trans woman
Billie Eilish,female
Montell Fish,male
SZA,female
Taylor Swift,female
Milli Hughes,Not found
Junior H,Unknown
Montell Fish,male
Eslabon Armado,Unknown
Zach Bryan,male
sign crushes motorist,male
JVKE,male
Lil Baby,male
Suki Waterhouse,female
Post Malone,male
Benson Boone,male
Josh Meloy,Not found
LUCKI,male
Feid,male
Yeat,male
Jack Harlow,male
ERNEST,Unknown
Omar Apollo,male
The 1975,Unknown
Rod Wave,male
Frou Frou,Unknown
Bryan Martin,male
Kodak Black,male
Fuerza Regida,Unknown
BoyWithUke,male
Ken Carson,male
Caamp,Unknown
GIVĒON,male
Øneheart,male
Destroy Lonely,male
Mac Miller,male
Wyatt Flores,male
Jon Pardi,male
Take Care,Unknown
David Guetta,male
Cults,Unknown
Cole Swindell,male
Nursery Rhymes ABC,Not found
Rio Romeo,Not found
Yeat,male
Ivan Cornejo,male
Elevation Worship,Unknown
Dylan Scott,male
Megan Thee Stallion,female
Swedish House Mafia,Unknown
mgk,male
Lil Durk,male
Teddy Swims,male
Kane Brown,male
Anne Wilson,female
NewJeans,Unknown
Spiritual Frequencies,Not found
YoungBoy Never Broke Again,male
keshi,Unknown
Warren Zeiders,male
Miracle Tones,Not found
Sean Paul,male
Mariah the Scientist,female
Motionless In White,Unknown
YoungBoy Never Broke Again,male
Big Thief,Unknown
Real Boston Richey,male
49 Winchester,Unknown
Shaboozey,male
La Santa Grifa,Not found
Dustin Lynch,male
Sonder,Unknown
John + Jane Q. Public,Not found
BTS,Unknown
Pure Relaxing Vibes,Not found
Bailey Zimmerman,male
OneRepublic,Unknown
Misa Bee,Not found
Kelsea Ballerini,female
ThxSoMch,male
Evan Honer,male
King Von,male
Stick Figure,Unknown
GloRilla,female
I Prevail,Unknown
Hermanos Espinoza,Not found
LOVELI LORI,Not found
Yung Gravy,male
Chance Peña,Not found
Stephen Sanchez,Unknown
Shinedown,Unknown
Walker Hayes,male
Denzel Curry,male
Natura Ferox,Not found
Mike Dimes,male
Ghost,Unknown
Silent Rhythm,Not found
$uicideboy$,Unknown
Xavier Wulf,male
Baby Keem,male
Isabel LaRosa,female
Lizzo,Unknown
Smino,male
Zach Top,male
XXXTENTACION,male
Ken Carson,male
Tyler Childers,male
bbno$,male
Romeo Santos,male
Meghan Trainor,female
Lil Wayne,male
j-hope,male
Hovar,male
Lil Durk,male
Miracle Tones,Not found
Koe Wetzel,male
Stray Kids,Unknown
House Of Pain,Unknown
Hermanos Espinoza,Not found
jaydes,male
El Alfa,male
Fleshwater,Unknown
Stray Kids,Unknown
The Backseat Lovers,Unknown
Quavo,male
Royel Otis,Unknown
Evomin,Unknown
LUCKI,male
Future,Unknown
Edicion Especial,Unknown
Rex Orange County,male
Alfredo Olivas,male
Joey Bada$$,male
Mother Mother,Unknown
Frankie Ruiz,male
Reneé Rapp,female
TobyMac,male
That Mexican OT,male
Khruangbin,Unknown
Cris Mj,male
Whiskey Myers,Unknown
Mora,Unknown
Laufey,Unknown
Key Glock,male
Rema,Unknown
Mentatranque,Not found
Dean Lewis,male
Taylor Swift,female
Junior H,Unknown
Alec Benjamin,male
Memphis May Fire,Unknown
Jon Reddick,Not found
Julión Álvarez y su Norteño Banda,Not found
Miracle Tones,Not found
Nickelback,Unknown
Ozuna,male
Little Starflower,Not found
Luis R Conriquez,Not found
Suki Waterhouse,female
ROSALÍA,Unknown
Mt. Joy,Unknown
Nursery Rhymes ABC,Not found
Fuerza Regida,Unknown
Silent Rhythm,Not found
Mitski,female
Muni Long,female
Yeat,male
Will Wood,male
Aileron,Unknown
Hotel Ugly,Unknown
Ado,Unknown
Kameron Marlowe,male
Dayseeker,Unknown
Panoramia,Not found
brakence,male
Avenoir,male
Nessa Barrett,female
Edgardo Nuñez,Unknown
Focus Noise,Not found
Destroy Lonely,male
Gucci Mane,male
Zach Bryan,male
Yatta Bandz,Not found
jaydes,male
LECADE,Unknown
Σtella,Not found
Five Finger Death Punch,Unknown
Florence + The Machine,Unknown
Valdervande,Not found
Fred again..,male
Klangspiel,Not found
Dhruv,Unknown
Feid,male
Jane Color,Not found
Polyphia,Unknown
Becky G,female
Dutch Melrose,Not found
Megan Moroney,female
Tory Lanez,male
BLACKPINK,Unknown
Baby Smoove,male
David Kushner,male
Josh Meloy,Not found
42 Dugg,male
Take Care,Unknown
Zach Bryan,male
Freddie Dredd,male
Nylana,Not found
Stephen Sanchez,Unknown
5 Seconds of Summer,Unknown
SleazyWorld Go,male
jev.,male
Morgan Wallen,male
Chappell Roan,female
Zach Bryan,male
Travis Scott,male
Bailey Zimmerman,male
Olivia Rodrigo,female
Chappell Roan,female
Junior H,Unknown
Luke Combs,male
Sleep Token,Unknown
Teddy Swims,male
Taylor Swift,female
Treaty Oak Revival,Unknown
Peso Pluma,male
Drake,male
Daniel Caesar,male
Noah Kahan,male
Tate McRae,female
Don Toliver,male
Taylor Swift,female
BigXthaPlug,male
Brent Faiyaz,male
BigXthaPlug,male
Bad Bunny,male
Fuerza Regida,Unknown
Megan Moroney,female
Laufey,Unknown
Chris Stapleton,male
KAROL G,female
Ken Carson,male
The Kid LAROI,male
HARDY,Unknown
d4vd,male
Grupo Frontera,Unknown
Lana Del Rey,female
Mitski,female
Sleepy Hallow,male
Sabrina Carpenter,female
Lil Tecca,male
Rod Wave,male
Jelly Roll,Unknown
Miley Cyrus,genderfluid
The Weeknd,male
Kali Uchis,female
Tate McRae,female
"Tyler, The Creator",male
Gracie Abrams,female
Zach Bryan,male
Gunna,Unknown
Metro Boomin,male
Hozier,male
Rauw Alejandro,male
Jung Kook,male
NF,Unknown
Taylor Swift,female
Cody Johnson,male
Jordan Davis,Unknown
Nate Smith,male
Warren Zeiders,male
alex_g_offline,Not found
Taylor Swift,female
A$AP Rocky,male
KAROL G,female
Feid,male
RAYE,female
Miracle Tones,Not found
Tainy,male
Elevation Worship,Unknown
Jorge Rivera-Herrans,Not found
Jungle,Unknown
Julión Álvarez y su Norteño Banda,Not found
Chezile,Not found
Dominic Fike,male
That Mexican OT,male
Lil Uzi Vert,non-binary
Carin Leon,male
Troye Sivan,male
Bryan Martin,male
Sam Barber,male
wave to earth,Unknown
boygenius,Unknown
Nicki Minaj,female
Drake,male
BigXthaPlug,male
Billie Eilish,female
Sexyy Red,female
Bits & Noise,Not found
Mac DeMarco,male
Natanael Cano,male
Jack Harlow,male
Nafeesisboujee,Not found
beabadoobee,female
Ole 60,Not found
Rauw Alejandro,male
Lil Yachty,male
Jessie Murph,female
Calmly,Unknown
Don Toliver,male
Ella Langley,female
beabadoobee,female
Olivia Rodrigo,female
Relaxing Music For Kids,Not found
Gregory Alan Isakov,male
Noah Kahan,male
LUCKI,male
Morgan Wallen,male
Catch Your Breath,Unknown
Moneybagg Yo,male
Gavin Adcock,male
Nicky Youre,male
Daniel Caesar,male
Doja Cat,female
Beach Weather,Unknown
Key Glock,male
emmanuellcortess_,Not found
Lil Durk,male
Destroy Lonely,male
Rich Amiri,male
Doja Cat,female
Riley Green,male
NLE Choppa,male
Tiësto,male
Parker McCollum,male
Hunxho,male
Lauren Spencer Smith,female
NewJeans,Unknown
Focus Noise,Not found
Eslabon Armado,Unknown
Dua Lipa,female
Pecos & the Rooftops,Not found
Zach Bryan,male
Charles Wesley Godwin,male
Agust D,male
Tyla,Unknown
Teddy Swims,male
Trolls,Unknown
Calmly,Unknown
Calmly,Unknown
Tyler Hubbard,male
PinkPantheress,female
Calmly,Unknown
juju<3,Not found
Olivia Dean,female
LE SSERAFIM,Unknown
Calmly,Unknown
Yeat,male
Lana Del Rey,female
Calmly,Unknown
Paul Russell,male
Pierce The Veil,Unknown
Zach Bryan,male
Brandon Lake,male
Snow Strippers,Unknown
Dylan Gossett,male
Calmly,Unknown
Disney,Unknown
The Weeknd,male
AJR,Unknown
Jason Aldean,male
Cris Mj,male
NewJeans,Unknown
Chris Brown,male
Dream Supplier,Not found
Reneé Rapp,female
Joey Valence & Brae,Unknown
Stray Kids,Unknown
Calmly,Unknown
beabadoobee,female
ILLENIUM,male
Lewis Capaldi,male
Melanie Martinez,female
Post Malone,male
Dylan Gossett,male
Old Dominion,Unknown
$uicideboy$,Unknown
Stray Kids,Unknown
Soft Soundscapes,Not found
Måneskin,Unknown
Bluey,Unknown
Big Thief,Unknown
Corey Kent,male
Oscar Maydon,male
Gorillaz,Unknown
Stephen Sanchez,Unknown
jaydes,male
Sexyy Red,female
Nic D,male
Offset,male
Clara La San,female
glaive,male
Forrest Frank,male
BABY GRAVY,Unknown
Wind Walkers,Unknown
Tyler Childers,male
Michael Marcagi,male
Leith Ross,Unknown
Oliver Anthony Music,male
Junior H,Unknown
Jalen Ngonda,male
Oscar Maydon,male
Tory Lanez,male
Alek Olsen,Not found
sombr,male
Tee Grizzley,male
Leon Thomas,male
Becky G,female
Forrest Frank,male
ENHYPEN,Unknown
Odetari,male
Maluma,Unknown
NLE Choppa,male
Myke Towers,male
BossMan Dlow,male
Ludwig Göransson,male
KAROL G,female
Doja Cat,female
Noise Eternity,Not found
Bakar,Unknown
Hotel Ugly,Unknown
Jonas Brothers,Unknown
Feid,male
Yng Lvcas,male
LUCKI,male
Veeze,male
Katy Nichole,female
Laufey,Unknown
Various Artists,Unknown
Kelsea Ballerini,female
Melanie Martinez,female
FISHER,Unknown
Niall Horan,male
Manuel Turizo,male
Austin Williams,male
Jack Harlow,male
FIFTY FIFTY,Unknown
Larry June,male
Eslabon Armado,Unknown
Paramore,Unknown
The Beaches,Unknown
Yashida Miyota,Not found
CYRIL,Unknown
Autumn!,male
beabadoobee,female
Drake,male
Muscadine Bloodline,Not found
Cleo Sol,female
MEDUZA,Unknown
Royel Otis,Unknown
Post Malone,male
OsamaSon,male
Kendrick Lamar,male
Billie Eilish,female
"Tyler, The Creator",male
Sabrina Carpenter,female
SZA,female
Doechii,female
Taylor Swift,female
The Marías,Unknown
Tito Double P,male
Zach Top,male
Benson Boone,male
Future,Unknown
Rauw Alejandro,male
Gracie Abrams,female
Kendrick Lamar,male
Post Malone,male
Sam Barber,male
Kendrick Lamar,male
Ariana Grande,female
Don Toliver,male
Peso Pluma,male
Lady Gaga,female
Charli xcx,female
Alex Warren,male
Wicked Movie Cast,Not found
Taylor Swift,female
Gunna,Unknown
Gigi Perez,female
Gracie Abrams,female
Chappell Roan,female
Zach Bryan,male
Juice WRLD,male
ROSÉ,Unknown
GloRilla,female
BigXthaPlug,male
Ivan Cornejo,male
Arcane,Unknown
beabadoobee,female
21 Savage,male
Clairo,female
Morgan Wallen,male
Fuerza Regida,Unknown
Megan Moroney,female
Jelly Roll,Unknown
Gracie Abrams,female
Ken Carson,male
Noah Kahan,male
PARTYNEXTDOOR,Unknown
Forrest Frank,male
Beyoncé,female
Charli xcx,female
Rod Wave,male
Disney,Unknown
Tucker Wetmore,male
Riley Green,male
Lil Tecca,male
Leon Thomas,male
Zach Bryan,male
Shaboozey,male
Olivia Rodrigo,female
Tommy Richman,male
ROSÉ,Unknown
d4vd,male
Lola Young,female
Gavin Adcock,male
$uicideboy$,Unknown
Jorge Rivera-Herrans,Not found
¥$,Unknown
Luke Combs,male
Dua Lipa,female
NLE Choppa,male
GloRilla,female
Eminem,male
The Red Clay Strays,Unknown
Hozier,male
Omar Courtz,male
Future,Unknown
Morgan Wallen,male
Future,Unknown
BossMan Dlow,male
Shaboozey,male
Morgan Wallen,male
Jorge Rivera-Herrans,Not found
Jorge Rivera-Herrans,Not found
Chrystal,Unknown
Lizzy McAlpine,female
Koe Wetzel,male
Lola Young,female
Yeat,male
Josiah Queen,male
Morgan Wallen,male
Lainey Wilson,female
ROLE MODEL,male
Stray Kids,Unknown
Jorge Rivera-Herrans,Not found
Neton Vega,male
Linkin Park,Unknown
The Marías,Unknown
ian,Unknown
Jorge Rivera-Herrans,Not found
Dasha,Unknown
Max McNown,male
Jimin,Unknown
sombr,male
Fuerza Regida,Unknown
Fuerza Regida,Unknown
Ella Langley,female
KAROL G,female
Falling In Reverse,Unknown
Twenty One Pilots,Unknown
Tito Double P,male
Riley Green,male
Jorge Rivera-Herrans,Not found
Waylon Wyatt,Not found
Oscar Maydon,male
Warren Zeiders,male
LUCKI,male
Myles Smith,male
Shaboozey,male
Nessa Barrett,female
Chino Pacas,male
Chance Peña,Not found
Post Malone,male
Malcolm Todd,male
Tito Double P,male
Ravyn Lenae,female
ian,Unknown
Various Artists,Unknown
Sabrina Carpenter,female
Megan Thee Stallion,female
Megan Thee Stallion,female
The Kid LAROI,male
Dylan Scott,male
Ella Langley,female
Flatland Cavalry,Unknown
Cody Johnson,male
Marshmello,male
Michael Marcagi,male
Benson Boone,male
Tyler Braden,Not found
Dan Kraus,male
Jorge Rivera-Herrans,Not found
FloyyMenor,male
¥$,Unknown
Calmly,Unknown
Hozier,male
Sexyy Red,female
Redferrin,male
Jorge Rivera-Herrans,Not found
Kali Uchis,female
Megan Moroney,female
John Summit,male
Kendrick Lamar,male
Xavi,Unknown
Calvin Harris,male
Thomas Rhett,male
Malcolm Todd,male
Calmly,Unknown
Jessie Murph,female
Luis R Conriquez,Not found
J. Cole,male
Addison Rae,female
Disney,Unknown
Yeat,male
yung kai,Unknown
Stray Kids,Unknown
Alleh,Unknown
Calmly,Unknown
Magdalena Bay,Unknown
アトラスサウンドチーム,Not found
Post Malone,male
Calmly,Unknown
BossMan Dlow,male
Ocean Therapy,Unknown
Tyla,Unknown
Drake,male
Kelsea Ballerini,female
Hudson Westbrook,Not found
Jimin,Unknown
SZA,female
wifiskeleton,Not found
Calmly,Unknown
Chris Brown,male
Calmly,Unknown
Bring Me The Horizon,Unknown
Sabrina Carpenter,female
Luis R Conriquez,Not found
Bryson Tiller,male
Artemas,Unknown
Friede,Unknown
Lil Uzi Vert,non-binary
That Mexican OT,male
Laufey,Unknown
Rola Young,Not found
Hudson Westbrook,Not found
Nettspend,male
Gabito Ballesteros,male
bbno$,male
Wallows,Unknown
Jimin,Unknown
Alexandre Alekhine,male
Good Neighbours,Unknown
Jimin,Unknown
Calmly,Unknown
Mark Ambor,male
Jordan Davis,Unknown
Wisp,Unknown
Loe Shimmy,male
Morgan Wallen,male
Flo Milli,female
Latto,female
Moneybagg Yo,male
Bloodhound Lil Jeff,Not found
Carin Leon,male
Hanumankind,male
BabyChiefDoit,Not found
Jorsshh,Not found
Calmly,Unknown
Luke Combs,male
Gigi Perez,female
Calmly,Unknown
keshi,Unknown
Cigarettes After Sex,Unknown
Brooks & Dunn,Unknown
Carin Leon,male
Josiah Queen,male
Calmly,Unknown
Remi Wolf,female
Doechii,female
Vincent Mason,male
Benson Boone,male
Gunna,Unknown
proderics,Not found
Calmly,Unknown
Dominic Fike,male
Cameron Whitcomb,male
Calle 24,male
KAYTRANADA,male
Ravyn Lenae,female
Neton Vega,male
Various Artists,Unknown
Thomas Rhett,male
LE SSERAFIM,Unknown
FloyyMenor,male
Alex Warren,male
Luh Tyler,male
Artemas,Unknown
Glass Animals,Unknown
Jasiel Nuñez,Not found
Mk.gee,male
Playboi Carti,male
The Marías,Unknown
TV Girl,Unknown
Sleep Token,Unknown
Arcane,Unknown
Ed Sheeran,male
Rod Wave,male
PinkPantheress,female
Lynyrd Skynyrd,Unknown
Lainey Wilson,female
Toby Fox,male
David Guetta,male
BossMan Dlow,male
Miley Cyrus,genderfluid
Bruce Springsteen,male
Stray Kids,Unknown
LUCKI,male
Old Dominion,Unknown
Dan Kraus,male
G-Eazy,male
That Mexican OT,male
Bryan Martin,male
Russ,Unknown
Counting Crows,Unknown
FloyyMenor,male
JVKE,male
Sexyy Red,female
SiR,Unknown
Jessie Murph,female
Rise Against,Unknown
Mike Posner,male
Hans Zimmer,male
Tiësto,male
RÜFÜS DU SOL,Unknown
Simple Minds,Unknown
Calum Scott,male
Pinkfong,Unknown
Shoreline Mafia,Unknown
ENHYPEN,Unknown
ROA,Unknown
SIX,Unknown
VOILÀ,Unknown
Edward Maya,male
SYML,male
Banda El Recodo,Unknown
Haddaway,male
Stromae,male
El Trono de Mexico,Unknown
Joe Hisaishi,male
Dutch Melrose,Not found
Sonny Fodera,male
Grateful Dead,Unknown
Yandel,male
Ludovico Einaudi,male
Ariis,Unknown
HUGEL,Unknown
Kolohe Kai,Unknown
2hollis,male
Morgan Seatree,Not found
Alesso,Unknown
Bob Sinclar,male
BABYMETAL,Unknown
Alejandro Sanz,male
S4nri0,Not found
Ogryzek,Unknown
La Receta,Unknown
my head is empty,Not found
1nonly,male
Los Acosta,Unknown
Gibran Alcocer,male
K-Paz De La Sierra,Unknown
Irokz,Not found
Tinlicker,Unknown
Timmy Trumpet,male
Armin van Buuren,male
Little Symphony,Unknown
ZWE1HVNDXR,Not found
The Living Tombstone,Unknown
Bad Bunny,male
Olivia Newton-John,female
Clovis Reyes,Not found
TheFatRat,male
NCTS,Unknown
Edwin Luna y La Trakalosa de Monterrey,Not found
Yami Safdie,female
Rudimental,Unknown
leadwave,Not found
R3HAB,male
DYGO,Unknown
Marnik,Unknown
REDZED,male
iñigo quintero,male
Jere Klein,male
LBI利比,male
Víctor Manuelle,male
Topic,Unknown
Banda Pequeños Musical,Not found
Michael Schulte,male
Karan Aujla,male
vtze archive,Not found
Carlos Rivera,male
slxughter,Not found
De La Rose,Unknown
MoonDeity,Not found
h6itam,Not found
The Waterboys,Unknown
Slowboy,Unknown
Blaiz Fayah,Not found
Sematary,male
dreamsoda,Not found
Slumberjacks,Not found
Yaisel LM,male
satirin,Unknown
Hariharan,male
Christopher,Unknown
Elvis Martinez,Unknown
Eme MalaFe,male
JONY,male
Nicolas Julian,male
MACAN,Unknown
Keenan Te,Not found
Lia Kali,female
Perfume,Unknown
cade clair,Not found
LIZOT,Unknown
Anar,Unknown
Maddix,Unknown
Yeison Jimenez,male
NO CIGAR,Unknown
Luis Alfonso,Unknown
Barbie,Unknown
Ran-D,male
Braaheim,Not found
Carabao,Unknown
House of Shem,Unknown
RXDXVIL,Not found
DJSM,Not found
Giggs,male
Reykon,male
Nina,Unknown
Headie One,male
Alfons,Unknown
MC LUUKY,Not found
Busy Signal,male
T.I BLAZE,male
Deepend,Unknown
Hamilton,Unknown
Matheus & Kauan,Not found
Ferrugem,male
Mohamed Ramadan,male
Sahir,Unknown
Stan Walker,male
Uru,Unknown
KVSH,male
Gloc-9,male
Ave Mujica,Unknown
Luis Brown,male
Basta,male
El Mató a un Policía Motorizado,Unknown
MONO,Unknown
volhey,Not found
Corazón Serrano,Unknown
Nej,female
Mc Menor Do Alvorada,Not found
HARDX,Not found
Mecdoux,Not found
Tom Gregory,male
Guè,Unknown
Renzo ED,Not found
Nakash Aziz,male
G Sounds,Not found
Demarco,Unknown
Nina Chuba,female
Mundo Bita,Unknown
Sam C.S.,male
PARTYNEXTDOOR,Unknown
Sid Sriram,male
Gorod 312,Unknown
MIRA,Unknown
alyona alyona,female
Luan Pereira,male
Voyage,male
Konfuz,male
MC Joãozinho VT,Not found
Garry Sandhu,male
Baby Gang,male
Franglish,male
Yihuik苡慧,Not found
SHY FX,male
Tyson Yoshi,male
Coez,male
Zinoleesky,male
две тысячи ярдов,Not found
Black M,Unknown
Roy Kim,male
LUNAX,Unknown
Leiva,Unknown
Cardi Mist,Not found
Loredana Bertè,female
Elodie,Unknown
Elodie,Unknown
Vulgo FK,Not found
HBz,Unknown
Круэлла,Unknown
Migrantes,Unknown
Sonu Nigam,male
Mc J Mito,Not found
Alka Yagnik,female
LEE SEUNG YOON,male
Mayonnaise,Unknown
Zeca Pagodinho,male
Baby Melo,Unknown
Zouhair Bahaoui,male
Dr. Peacock,male
reezy,male
Alla Pugacheva,female
Mohamed AlSalim,Not found
Javed Ali,Unknown
Eliad,male
Sarkodie,male
Cold Carti,Not found
Lil Kesh,male
Green Apelsin,Not found
L-Gante,male
Diogo Nogueira,male
TOIL,Unknown
Péricles,Unknown
SQWOZ BAB,male
Bensoul,male
Lynda,Unknown
WOODBLOCK DJS,Not found
Vitor Limma,Not found
Natte Visstick,male
Genezio,Unknown
C JAMM,male
MC GP,Not found
Jorge Aragão,male
Interplanetary Criminal,male
MC Ryan SP,male
Mayorkun,male
Mahmoud Al Turky,Not found
NewEra,Unknown
Амура,Unknown
NEMIGA,Unknown
Crystal Rock,Unknown
GSPD,Unknown
Niphkeys,male
GREGO,Unknown
VESNA305,Not found
Victor Leksell,male
